id,path,http_clone_url,web_url,archived
4971993,sovell/third_custom/941hospital,https://sovell-cn-shanghai.devops.aliyuncs.com/codeup/third_custom/941hospital.git,https://sovell-cn-shanghai.devops.aliyuncs.com/codeup/sovell/third_custom/941hospital,False
4972144,sovell/third_custom/942hospital,https://sovell-cn-shanghai.devops.aliyuncs.com/codeup/third_custom/942hospital.git,https://sovell-cn-shanghai.devops.aliyuncs.com/codeup/sovell/third_custom/942hospital,False
4971992,sovell/third_custom/988hospital,https://sovell-cn-shanghai.devops.aliyuncs.com/codeup/third_custom/988hospital.git,https://sovell-cn-shanghai.devops.aliyuncs.com/codeup/sovell/third_custom/988hospital,False
4983506,sovell/atlantis/ai-5.0,https://sovell-cn-shanghai.devops.aliyuncs.com/codeup/atlantis/ai-5.0.git,https://sovell-cn-shanghai.devops.aliyuncs.com/codeup/sovell/atlantis/ai-5.0,False
4988664,sovell/ai-go/aigo-cateen,https://sovell-cn-shanghai.devops.aliyuncs.com/codeup/ai-go/aigo-cateen.git,https://sovell-cn-shanghai.devops.aliyuncs.com/codeup/sovell/ai-go/aigo-cateen,False
4971936,sovell/Android/5.0/android_web/android_tv_h5,https://sovell-cn-shanghai.devops.aliyuncs.com/codeup/Android/5.0/android_web/android_tv_h5.git,https://sovell-cn-shanghai.devops.aliyuncs.com/codeup/sovell/Android/5.0/android_web/android_tv_h5,False
4978507,sovell/idish3.0/api,https://sovell-cn-shanghai.devops.aliyuncs.com/codeup/idish3.0/api.git,https://sovell-cn-shanghai.devops.aliyuncs.com/codeup/sovell/idish3.0/api,False
4978508,sovell/idish3.0/api_addons,https://sovell-cn-shanghai.devops.aliyuncs.com/codeup/idish3.0/api_addons.git,https://sovell-cn-shanghai.devops.aliyuncs.com/codeup/sovell/idish3.0/api_addons,False
4978509,sovell/idish3.0/api_plugins,https://sovell-cn-shanghai.devops.aliyuncs.com/codeup/idish3.0/api_plugins.git,https://sovell-cn-shanghai.devops.aliyuncs.com/codeup/sovell/idish3.0/api_plugins,False
4972608,sovell/Android/5.0/tools-demo/arcsfot_translate,https://sovell-cn-shanghai.devops.aliyuncs.com/codeup/Android/5.0/tools-demo/arcsfot_translate.git,https://sovell-cn-shanghai.devops.aliyuncs.com/codeup/sovell/Android/5.0/tools-demo/arcsfot_translate,False
4975919,sovell/ai-go/atlantis,https://sovell-cn-shanghai.devops.aliyuncs.com/codeup/ai-go/atlantis.git,https://sovell-cn-shanghai.devops.aliyuncs.com/codeup/sovell/ai-go/atlantis,False
4972570,sovell/third_custom/audi,https://sovell-cn-shanghai.devops.aliyuncs.com/codeup/third_custom/audi.git,https://sovell-cn-shanghai.devops.aliyuncs.com/codeup/sovell/third_custom/audi,False
4970977,sovell/brightmoon/brightmoon,https://sovell-cn-shanghai.devops.aliyuncs.com/codeup/brightmoon/brightmoon.git,https://sovell-cn-shanghai.devops.aliyuncs.com/codeup/sovell/brightmoon/brightmoon,False
4977376,sovell/ai-go/caigou,https://sovell-cn-shanghai.devops.aliyuncs.com/codeup/ai-go/caigou.git,https://sovell-cn-shanghai.devops.aliyuncs.com/codeup/sovell/ai-go/caigou,False
4971947,sovell/Android/5.0/call,https://sovell-cn-shanghai.devops.aliyuncs.com/codeup/Android/5.0/call.git,https://sovell-cn-shanghai.devops.aliyuncs.com/codeup/sovell/Android/5.0/call,False
4978572,sovell/ai-go/canteen-shop-miniprogram,https://sovell-cn-shanghai.devops.aliyuncs.com/codeup/ai-go/canteen-shop-miniprogram.git,https://sovell-cn-shanghai.devops.aliyuncs.com/codeup/sovell/ai-go/canteen-shop-miniprogram,False
4971788,sovell/sovell-restaurant/canteen-shop-miniprogram,https://sovell-cn-shanghai.devops.aliyuncs.com/codeup/sovell-restaurant/canteen-shop-miniprogram.git,https://sovell-cn-shanghai.devops.aliyuncs.com/codeup/sovell/sovell-restaurant/canteen-shop-miniprogram,False
4971786,sovell/sovell-restaurant/canteen-shop-webview,https://sovell-cn-shanghai.devops.aliyuncs.com/codeup/sovell-restaurant/canteen-shop-webview.git,https://sovell-cn-shanghai.devops.aliyuncs.com/codeup/sovell/sovell-restaurant/canteen-shop-webview,False
4978565,sovell/ai-go/canteen-shop-webview,https://sovell-cn-shanghai.devops.aliyuncs.com/codeup/ai-go/canteen-shop-webview.git,https://sovell-cn-shanghai.devops.aliyuncs.com/codeup/sovell/ai-go/canteen-shop-webview,False
4975920,sovell/ai-go/card,https://sovell-cn-shanghai.devops.aliyuncs.com/codeup/ai-go/card.git,https://sovell-cn-shanghai.devops.aliyuncs.com/codeup/sovell/ai-go/card,False
4971807,sovell/Android/5.0/cash-desk,https://sovell-cn-shanghai.devops.aliyuncs.com/codeup/Android/5.0/cash-desk.git,https://sovell-cn-shanghai.devops.aliyuncs.com/codeup/sovell/Android/5.0/cash-desk,False
4971976,sovell/Android/5.0/cash-mobile-pos,https://sovell-cn-shanghai.devops.aliyuncs.com/codeup/Android/5.0/cash-mobile-pos.git,https://sovell-cn-shanghai.devops.aliyuncs.com/codeup/sovell/Android/5.0/cash-mobile-pos,False
4975044,sovell/third_custom/changpinglaboratory,https://sovell-cn-shanghai.devops.aliyuncs.com/codeup/third_custom/changpinglaboratory.git,https://sovell-cn-shanghai.devops.aliyuncs.com/codeup/sovell/third_custom/changpinglaboratory,False
4975921,sovell/ai-go/client-gateway,https://sovell-cn-shanghai.devops.aliyuncs.com/codeup/ai-go/client-gateway.git,https://sovell-cn-shanghai.devops.aliyuncs.com/codeup/sovell/ai-go/client-gateway,False
4971927,sovell/Android/5.0/android_web/cloud-recipe,https://sovell-cn-shanghai.devops.aliyuncs.com/codeup/Android/5.0/android_web/cloud-recipe.git,https://sovell-cn-shanghai.devops.aliyuncs.com/codeup/sovell/Android/5.0/android_web/cloud-recipe,False
4970556,sovell/Codeup-Demo,https://sovell-cn-shanghai.devops.aliyuncs.com/codeup/Codeup-Demo.git,https://sovell-cn-shanghai.devops.aliyuncs.com/codeup/sovell/Codeup-Demo,False
4972286,sovell/third_custom/coli688,https://sovell-cn-shanghai.devops.aliyuncs.com/codeup/third_custom/coli688.git,https://sovell-cn-shanghai.devops.aliyuncs.com/codeup/sovell/third_custom/coli688,False
4971923,sovell/Android/5.0/store/com.sovell.store.face_guard,https://sovell-cn-shanghai.devops.aliyuncs.com/codeup/Android/5.0/store/com.sovell.store.face_guard.git,https://sovell-cn-shanghai.devops.aliyuncs.com/codeup/sovell/Android/5.0/store/com.sovell.store.face_guard,False
4971969,sovell/Android/5.0/consume-machine-duplex,https://sovell-cn-shanghai.devops.aliyuncs.com/codeup/Android/5.0/consume-machine-duplex.git,https://sovell-cn-shanghai.devops.aliyuncs.com/codeup/sovell/Android/5.0/consume-machine-duplex,False
4970976,sovell/brightmoon/CreateActionBizDao,https://sovell-cn-shanghai.devops.aliyuncs.com/codeup/brightmoon/CreateActionBizDao.git,https://sovell-cn-shanghai.devops.aliyuncs.com/codeup/sovell/brightmoon/CreateActionBizDao,False
4978510,sovell/idish3.0/customization,https://sovell-cn-shanghai.devops.aliyuncs.com/codeup/idish3.0/customization.git,https://sovell-cn-shanghai.devops.aliyuncs.com/codeup/sovell/idish3.0/customization,False
4972342,sovell/document/database-key-value,https://sovell-cn-shanghai.devops.aliyuncs.com/codeup/document/database-key-value.git,https://sovell-cn-shanghai.devops.aliyuncs.com/codeup/sovell/document/database-key-value,False
4971784,sovell/data-room/dataroom,https://sovell-cn-shanghai.devops.aliyuncs.com/codeup/data-room/dataroom.git,https://sovell-cn-shanghai.devops.aliyuncs.com/codeup/sovell/data-room/dataroom,False
4975922,sovell/ai-go/device-gateway,https://sovell-cn-shanghai.devops.aliyuncs.com/codeup/ai-go/device-gateway.git,https://sovell-cn-shanghai.devops.aliyuncs.com/codeup/sovell/ai-go/device-gateway,False
4975923,sovell/ai-go/dining,https://sovell-cn-shanghai.devops.aliyuncs.com/codeup/ai-go/dining.git,https://sovell-cn-shanghai.devops.aliyuncs.com/codeup/sovell/ai-go/dining,False
4971977,sovell/Android/5.0/dish-stock-screen,https://sovell-cn-shanghai.devops.aliyuncs.com/codeup/Android/5.0/dish-stock-screen.git,https://sovell-cn-shanghai.devops.aliyuncs.com/codeup/sovell/Android/5.0/dish-stock-screen,False
4988698,sovell/ai-go/docking,https://sovell-cn-shanghai.devops.aliyuncs.com/codeup/ai-go/docking.git,https://sovell-cn-shanghai.devops.aliyuncs.com/codeup/sovell/ai-go/docking,False
4971934,sovell/Android/5.0/army/zhongyisystemintegration/electronic_menu,https://sovell-cn-shanghai.devops.aliyuncs.com/codeup/Android/5.0/army/zhongyisystemintegration/electronic_menu.git,https://sovell-cn-shanghai.devops.aliyuncs.com/codeup/sovell/Android/5.0/army/zhongyisystemintegration/electronic_menu,False
4988699,sovell/ai-go/face,https://sovell-cn-shanghai.devops.aliyuncs.com/codeup/ai-go/face.git,https://sovell-cn-shanghai.devops.aliyuncs.com/codeup/sovell/ai-go/face,False
4978511,sovell/idish3.0/face,https://sovell-cn-shanghai.devops.aliyuncs.com/codeup/idish3.0/face.git,https://sovell-cn-shanghai.devops.aliyuncs.com/codeup/sovell/idish3.0/face,False
4971857,sovell/Android/5.0/face_tray,https://sovell-cn-shanghai.devops.aliyuncs.com/codeup/Android/5.0/face_tray.git,https://sovell-cn-shanghai.devops.aliyuncs.com/codeup/sovell/Android/5.0/face_tray,False
4972135,sovell/document/face-api,https://sovell-cn-shanghai.devops.aliyuncs.com/codeup/document/face-api.git,https://sovell-cn-shanghai.devops.aliyuncs.com/codeup/sovell/document/face-api,False
4971965,sovell/Android/5.0/face-fixed-gateway,https://sovell-cn-shanghai.devops.aliyuncs.com/codeup/Android/5.0/face-fixed-gateway.git,https://sovell-cn-shanghai.devops.aliyuncs.com/codeup/sovell/Android/5.0/face-fixed-gateway,False
4971985,sovell/Android/5.0/face-register-k2,https://sovell-cn-shanghai.devops.aliyuncs.com/codeup/Android/5.0/face-register-k2.git,https://sovell-cn-shanghai.devops.aliyuncs.com/codeup/sovell/Android/5.0/face-register-k2,False
4972374,sovell/Android/5.0/face-to-pay,https://sovell-cn-shanghai.devops.aliyuncs.com/codeup/Android/5.0/face-to-pay.git,https://sovell-cn-shanghai.devops.aliyuncs.com/codeup/sovell/Android/5.0/face-to-pay,False
4971799,sovell/sovell-restaurant/faceimport,https://sovell-cn-shanghai.devops.aliyuncs.com/codeup/sovell-restaurant/faceimport.git,https://sovell-cn-shanghai.devops.aliyuncs.com/codeup/sovell/sovell-restaurant/faceimport,False
4977258,sovell/sovell-front-project/food_safe_management,https://sovell-cn-shanghai.devops.aliyuncs.com/codeup/sovell-front-project/food_safe_management.git,https://sovell-cn-shanghai.devops.aliyuncs.com/codeup/sovell/sovell-front-project/food_safe_management,False
4971776,sovell/sovell-food-safety/food_safe_management,https://sovell-cn-shanghai.devops.aliyuncs.com/codeup/sovell-food-safety/food_safe_management.git,https://sovell-cn-shanghai.devops.aliyuncs.com/codeup/sovell/sovell-food-safety/food_safe_management,False
4971952,sovell/Android/5.0/food_track_inquire,https://sovell-cn-shanghai.devops.aliyuncs.com/codeup/Android/5.0/food_track_inquire.git,https://sovell-cn-shanghai.devops.aliyuncs.com/codeup/sovell/Android/5.0/food_track_inquire,False
4971948,sovell/Android/5.0/foodadmachine,https://sovell-cn-shanghai.devops.aliyuncs.com/codeup/Android/5.0/foodadmachine.git,https://sovell-cn-shanghai.devops.aliyuncs.com/codeup/sovell/Android/5.0/foodadmachine,False
4977390,sovell/ai-go/foodsafe,https://sovell-cn-shanghai.devops.aliyuncs.com/codeup/ai-go/foodsafe.git,https://sovell-cn-shanghai.devops.aliyuncs.com/codeup/sovell/ai-go/foodsafe,False
4971974,sovell/Android/5.0/ft1-consume-group,https://sovell-cn-shanghai.devops.aliyuncs.com/codeup/Android/5.0/ft1-consume-group.git,https://sovell-cn-shanghai.devops.aliyuncs.com/codeup/sovell/Android/5.0/ft1-consume-group,False
4971973,sovell/Android/5.0/ft2-face-pay-group,https://sovell-cn-shanghai.devops.aliyuncs.com/codeup/Android/5.0/ft2-face-pay-group.git,https://sovell-cn-shanghai.devops.aliyuncs.com/codeup/sovell/Android/5.0/ft2-face-pay-group,False
4975924,sovell/ai-go/gateway,https://sovell-cn-shanghai.devops.aliyuncs.com/codeup/ai-go/gateway.git,https://sovell-cn-shanghai.devops.aliyuncs.com/codeup/sovell/ai-go/gateway,False
4972424,sovell/default/GYL-Platform,https://sovell-cn-shanghai.devops.aliyuncs.com/codeup/default/GYL-Platform.git,https://sovell-cn-shanghai.devops.aliyuncs.com/codeup/sovell/default/GYL-Platform,False
4971926,sovell/Android/5.0/android_web/h5,https://sovell-cn-shanghai.devops.aliyuncs.com/codeup/Android/5.0/android_web/h5.git,https://sovell-cn-shanghai.devops.aliyuncs.com/codeup/sovell/Android/5.0/android_web/h5,False
4971961,sovell/Android/5.0/android_web/h5android,https://sovell-cn-shanghai.devops.aliyuncs.com/codeup/Android/5.0/android_web/h5android.git,https://sovell-cn-shanghai.devops.aliyuncs.com/codeup/sovell/Android/5.0/android_web/h5android,False
4987641,sovell/third_custom/hzfls,https://sovell-cn-shanghai.devops.aliyuncs.com/codeup/third_custom/hzfls.git,https://sovell-cn-shanghai.devops.aliyuncs.com/codeup/sovell/third_custom/hzfls,False
4972217,sovell/document/idish,https://sovell-cn-shanghai.devops.aliyuncs.com/codeup/document/idish.git,https://sovell-cn-shanghai.devops.aliyuncs.com/codeup/sovell/document/idish,False
4971929,sovell/Android/5.0/army/navy/integrated_action,https://sovell-cn-shanghai.devops.aliyuncs.com/codeup/Android/5.0/army/navy/integrated_action.git,https://sovell-cn-shanghai.devops.aliyuncs.com/codeup/sovell/Android/5.0/army/navy/integrated_action,False
4971972,sovell/Android/5.0/intelligent-cloud-scale,https://sovell-cn-shanghai.devops.aliyuncs.com/codeup/Android/5.0/intelligent-cloud-scale.git,https://sovell-cn-shanghai.devops.aliyuncs.com/codeup/sovell/Android/5.0/intelligent-cloud-scale,False
4971946,sovell/Android/5.0/intelligent-cloud-scale_single,https://sovell-cn-shanghai.devops.aliyuncs.com/codeup/Android/5.0/intelligent-cloud-scale_single.git,https://sovell-cn-shanghai.devops.aliyuncs.com/codeup/sovell/Android/5.0/intelligent-cloud-scale_single,False
4971809,sovell/Android/5.0/intelligent-tray-bind,https://sovell-cn-shanghai.devops.aliyuncs.com/codeup/Android/5.0/intelligent-tray-bind.git,https://sovell-cn-shanghai.devops.aliyuncs.com/codeup/sovell/Android/5.0/intelligent-tray-bind,False
4971981,sovell/Android/5.0/intelligent-weighing-machine_mini,https://sovell-cn-shanghai.devops.aliyuncs.com/codeup/Android/5.0/intelligent-weighing-machine_mini.git,https://sovell-cn-shanghai.devops.aliyuncs.com/codeup/sovell/Android/5.0/intelligent-weighing-machine_mini,False
4971939,sovell/Android/5.0/store/inventory-check-terminal,https://sovell-cn-shanghai.devops.aliyuncs.com/codeup/Android/5.0/store/inventory-check-terminal.git,https://sovell-cn-shanghai.devops.aliyuncs.com/codeup/sovell/Android/5.0/store/inventory-check-terminal,False
4972364,sovell/third_custom/java-utils,https://sovell-cn-shanghai.devops.aliyuncs.com/codeup/third_custom/java-utils.git,https://sovell-cn-shanghai.devops.aliyuncs.com/codeup/sovell/third_custom/java-utils,False
4972204,sovell/third_custom/jchc,https://sovell-cn-shanghai.devops.aliyuncs.com/codeup/third_custom/jchc.git,https://sovell-cn-shanghai.devops.aliyuncs.com/codeup/sovell/third_custom/jchc,False
4971989,sovell/third_custom/jgsw_ln_gov,https://sovell-cn-shanghai.devops.aliyuncs.com/codeup/third_custom/jgsw_ln_gov.git,https://sovell-cn-shanghai.devops.aliyuncs.com/codeup/sovell/third_custom/jgsw_ln_gov,False
4972297,sovell/third_custom/jnairport,https://sovell-cn-shanghai.devops.aliyuncs.com/codeup/third_custom/jnairport.git,https://sovell-cn-shanghai.devops.aliyuncs.com/codeup/sovell/third_custom/jnairport,False
4972041,sovell/third_custom/jngdjt,https://sovell-cn-shanghai.devops.aliyuncs.com/codeup/third_custom/jngdjt.git,https://sovell-cn-shanghai.devops.aliyuncs.com/codeup/sovell/third_custom/jngdjt,False
4971915,sovell/Android/5.0/ant/k8-orderfood,https://sovell-cn-shanghai.devops.aliyuncs.com/codeup/Android/5.0/ant/k8-orderfood.git,https://sovell-cn-shanghai.devops.aliyuncs.com/codeup/sovell/Android/5.0/ant/k8-orderfood,False
4971941,sovell/Android/5.0/ant/k8-self-settlement-desk,https://sovell-cn-shanghai.devops.aliyuncs.com/codeup/Android/5.0/ant/k8-self-settlement-desk.git,https://sovell-cn-shanghai.devops.aliyuncs.com/codeup/sovell/Android/5.0/ant/k8-self-settlement-desk,False
4971925,sovell/Android/5.0/android_web/kitchen-board,https://sovell-cn-shanghai.devops.aliyuncs.com/codeup/Android/5.0/android_web/kitchen-board.git,https://sovell-cn-shanghai.devops.aliyuncs.com/codeup/sovell/Android/5.0/android_web/kitchen-board,False
4971780,sovell/mart/mart,https://sovell-cn-shanghai.devops.aliyuncs.com/codeup/mart/mart.git,https://sovell-cn-shanghai.devops.aliyuncs.com/codeup/sovell/mart/mart,False
4971933,sovell/Android/5.0/army/zhongyisystemintegration/meal_line_back,https://sovell-cn-shanghai.devops.aliyuncs.com/codeup/Android/5.0/army/zhongyisystemintegration/meal_line_back.git,https://sovell-cn-shanghai.devops.aliyuncs.com/codeup/sovell/Android/5.0/army/zhongyisystemintegration/meal_line_back,False
4971932,sovell/Android/5.0/army/zhongyisystemintegration/meal_line_front,https://sovell-cn-shanghai.devops.aliyuncs.com/codeup/Android/5.0/army/zhongyisystemintegration/meal_line_front.git,https://sovell-cn-shanghai.devops.aliyuncs.com/codeup/sovell/Android/5.0/army/zhongyisystemintegration/meal_line_front,False
4976984,sovell/ai-go/medical,https://sovell-cn-shanghai.devops.aliyuncs.com/codeup/ai-go/medical.git,https://sovell-cn-shanghai.devops.aliyuncs.com/codeup/sovell/ai-go/medical,False
4978577,sovell/ai-go/medical-treatment,https://sovell-cn-shanghai.devops.aliyuncs.com/codeup/ai-go/medical-treatment.git,https://sovell-cn-shanghai.devops.aliyuncs.com/codeup/sovell/ai-go/medical-treatment,False
4971990,sovell/third_custom/mingyanggroup,https://sovell-cn-shanghai.devops.aliyuncs.com/codeup/third_custom/mingyanggroup.git,https://sovell-cn-shanghai.devops.aliyuncs.com/codeup/sovell/third_custom/mingyanggroup,False
4978512,sovell/idish3.0/mobile,https://sovell-cn-shanghai.devops.aliyuncs.com/codeup/idish3.0/mobile.git,https://sovell-cn-shanghai.devops.aliyuncs.com/codeup/sovell/idish3.0/mobile,False
4975925,sovell/ai-go/navi,https://sovell-cn-shanghai.devops.aliyuncs.com/codeup/ai-go/navi.git,https://sovell-cn-shanghai.devops.aliyuncs.com/codeup/sovell/ai-go/navi,False
4971844,sovell/document/open-doc,https://sovell-cn-shanghai.devops.aliyuncs.com/codeup/document/open-doc.git,https://sovell-cn-shanghai.devops.aliyuncs.com/codeup/sovell/document/open-doc,False
4975926,sovell/ai-go/order,https://sovell-cn-shanghai.devops.aliyuncs.com/codeup/ai-go/order.git,https://sovell-cn-shanghai.devops.aliyuncs.com/codeup/sovell/ai-go/order,False
4971918,sovell/Android/5.0/store/order_taking_machine,https://sovell-cn-shanghai.devops.aliyuncs.com/codeup/Android/5.0/store/order_taking_machine.git,https://sovell-cn-shanghai.devops.aliyuncs.com/codeup/sovell/Android/5.0/store/order_taking_machine,False
4978513,sovell/idish3.0/partner_api,https://sovell-cn-shanghai.devops.aliyuncs.com/codeup/idish3.0/partner_api.git,https://sovell-cn-shanghai.devops.aliyuncs.com/codeup/sovell/idish3.0/partner_api,False
4971801,sovell/sovell-restaurant/pc-table,https://sovell-cn-shanghai.devops.aliyuncs.com/codeup/sovell-restaurant/pc-table.git,https://sovell-cn-shanghai.devops.aliyuncs.com/codeup/sovell/sovell-restaurant/pc-table,False
4975918,sovell/ai-go/pkg,https://sovell-cn-shanghai.devops.aliyuncs.com/codeup/ai-go/pkg.git,https://sovell-cn-shanghai.devops.aliyuncs.com/codeup/sovell/ai-go/pkg,False
4975927,sovell/ai-go/platform,https://sovell-cn-shanghai.devops.aliyuncs.com/codeup/ai-go/platform.git,https://sovell-cn-shanghai.devops.aliyuncs.com/codeup/sovell/ai-go/platform,False
4972114,sovell/sovell-chaos/plume-log-server,https://sovell-cn-shanghai.devops.aliyuncs.com/codeup/sovell-chaos/plume-log-server.git,https://sovell-cn-shanghai.devops.aliyuncs.com/codeup/sovell/sovell-chaos/plume-log-server,False
4988700,sovell/ai-go/printer,https://sovell-cn-shanghai.devops.aliyuncs.com/codeup/ai-go/printer.git,https://sovell-cn-shanghai.devops.aliyuncs.com/codeup/sovell/ai-go/printer,False
4971862,sovell/Android/5.0/production-console,https://sovell-cn-shanghai.devops.aliyuncs.com/codeup/Android/5.0/production-console.git,https://sovell-cn-shanghai.devops.aliyuncs.com/codeup/sovell/Android/5.0/production-console,False
4970972,sovell/proto/publish,https://sovell-cn-shanghai.devops.aliyuncs.com/codeup/proto/publish.git,https://sovell-cn-shanghai.devops.aliyuncs.com/codeup/sovell/proto/publish,False
4972942,sovell/default/qinghai-guoyi,https://sovell-cn-shanghai.devops.aliyuncs.com/codeup/default/qinghai-guoyi.git,https://sovell-cn-shanghai.devops.aliyuncs.com/codeup/sovell/default/qinghai-guoyi,False
4974110,sovell/default/qinghai-platform,https://sovell-cn-shanghai.devops.aliyuncs.com/codeup/default/qinghai-platform.git,https://sovell-cn-shanghai.devops.aliyuncs.com/codeup/sovell/default/qinghai-platform,False
4971950,sovell/Android/5.0/receiving_carousel,https://sovell-cn-shanghai.devops.aliyuncs.com/codeup/Android/5.0/receiving_carousel.git,https://sovell-cn-shanghai.devops.aliyuncs.com/codeup/sovell/Android/5.0/receiving_carousel,False
4975928,sovell/ai-go/report,https://sovell-cn-shanghai.devops.aliyuncs.com/codeup/ai-go/report.git,https://sovell-cn-shanghai.devops.aliyuncs.com/codeup/sovell/ai-go/report,False
4971800,sovell/sovell-restaurant/restaurant-applet,https://sovell-cn-shanghai.devops.aliyuncs.com/codeup/sovell-restaurant/restaurant-applet.git,https://sovell-cn-shanghai.devops.aliyuncs.com/codeup/sovell/sovell-restaurant/restaurant-applet,False
4971802,sovell/sovell-restaurant/restaurant-h5-applet,https://sovell-cn-shanghai.devops.aliyuncs.com/codeup/sovell-restaurant/restaurant-h5-applet.git,https://sovell-cn-shanghai.devops.aliyuncs.com/codeup/sovell/sovell-restaurant/restaurant-h5-applet,False
4977389,sovell/ai-go/retail,https://sovell-cn-shanghai.devops.aliyuncs.com/codeup/ai-go/retail.git,https://sovell-cn-shanghai.devops.aliyuncs.com/codeup/sovell/ai-go/retail,False
4971957,sovell/Android/5.0/retail-cabinet,https://sovell-cn-shanghai.devops.aliyuncs.com/codeup/Android/5.0/retail-cabinet.git,https://sovell-cn-shanghai.devops.aliyuncs.com/codeup/sovell/Android/5.0/retail-cabinet,False
4971984,sovell/Android/5.0/rfid_pmcard,https://sovell-cn-shanghai.devops.aliyuncs.com/codeup/Android/5.0/rfid_pmcard.git,https://sovell-cn-shanghai.devops.aliyuncs.com/codeup/sovell/Android/5.0/rfid_pmcard,False
4971928,sovell/Android/5.0/store/rice-noodle-cabinet,https://sovell-cn-shanghai.devops.aliyuncs.com/codeup/Android/5.0/store/rice-noodle-cabinet.git,https://sovell-cn-shanghai.devops.aliyuncs.com/codeup/sovell/Android/5.0/store/rice-noodle-cabinet,False
4975334,sovell/ai-go/riea-code,https://sovell-cn-shanghai.devops.aliyuncs.com/codeup/ai-go/riea-code.git,https://sovell-cn-shanghai.devops.aliyuncs.com/codeup/sovell/ai-go/riea-code,False
4972061,sovell/third_custom/sdcj,https://sovell-cn-shanghai.devops.aliyuncs.com/codeup/third_custom/sdcj.git,https://sovell-cn-shanghai.devops.aliyuncs.com/codeup/sovell/third_custom/sdcj,False
4971951,sovell/Android/5.0/self-cashier,https://sovell-cn-shanghai.devops.aliyuncs.com/codeup/Android/5.0/self-cashier.git,https://sovell-cn-shanghai.devops.aliyuncs.com/codeup/sovell/Android/5.0/self-cashier,False
4971861,sovell/Android/5.0/self-multimedia-k2,https://sovell-cn-shanghai.devops.aliyuncs.com/codeup/Android/5.0/self-multimedia-k2.git,https://sovell-cn-shanghai.devops.aliyuncs.com/codeup/sovell/Android/5.0/self-multimedia-k2,False
4971978,sovell/Android/5.0/self-service-cashier-desk,https://sovell-cn-shanghai.devops.aliyuncs.com/codeup/Android/5.0/self-service-cashier-desk.git,https://sovell-cn-shanghai.devops.aliyuncs.com/codeup/sovell/Android/5.0/self-service-cashier-desk,False
4971930,sovell/Android/5.0/army/zhongyisystemintegration/selfweighing,https://sovell-cn-shanghai.devops.aliyuncs.com/codeup/Android/5.0/army/zhongyisystemintegration/selfweighing.git,https://sovell-cn-shanghai.devops.aliyuncs.com/codeup/sovell/Android/5.0/army/zhongyisystemintegration/selfweighing,False
4971759,sovell/Android/5.0/settlement-console,https://sovell-cn-shanghai.devops.aliyuncs.com/codeup/Android/5.0/settlement-console.git,https://sovell-cn-shanghai.devops.aliyuncs.com/codeup/sovell/Android/5.0/settlement-console,False
4971758,sovell/atlantis/smart-doc,https://sovell-cn-shanghai.devops.aliyuncs.com/codeup/atlantis/smart-doc.git,https://sovell-cn-shanghai.devops.aliyuncs.com/codeup/sovell/atlantis/smart-doc,False
4971869,sovell/Android/5.0/soevll_thumb_dots,https://sovell-cn-shanghai.devops.aliyuncs.com/codeup/Android/5.0/soevll_thumb_dots.git,https://sovell-cn-shanghai.devops.aliyuncs.com/codeup/sovell/Android/5.0/soevll_thumb_dots,False
4971870,sovell/Android/5.0/SDK/sovell_hwbridge_aar,https://sovell-cn-shanghai.devops.aliyuncs.com/codeup/Android/5.0/SDK/sovell_hwbridge_aar.git,https://sovell-cn-shanghai.devops.aliyuncs.com/codeup/sovell/Android/5.0/SDK/sovell_hwbridge_aar,False
4971945,sovell/Android/5.0/sovell_printer_server,https://sovell-cn-shanghai.devops.aliyuncs.com/codeup/Android/5.0/sovell_printer_server.git,https://sovell-cn-shanghai.devops.aliyuncs.com/codeup/sovell/Android/5.0/sovell_printer_server,False
4971942,sovell/Android/5.0/store/sovell_weight_cabinet,https://sovell-cn-shanghai.devops.aliyuncs.com/codeup/Android/5.0/store/sovell_weight_cabinet.git,https://sovell-cn-shanghai.devops.aliyuncs.com/codeup/sovell/Android/5.0/store/sovell_weight_cabinet,False
4971843,sovell/unified_welfare/sovell_welfare_applet,https://sovell-cn-shanghai.devops.aliyuncs.com/codeup/unified_welfare/sovell_welfare_applet.git,https://sovell-cn-shanghai.devops.aliyuncs.com/codeup/sovell/unified_welfare/sovell_welfare_applet,False
4971839,sovell/unified_welfare/sovell_welfare_devops_manager,https://sovell-cn-shanghai.devops.aliyuncs.com/codeup/unified_welfare/sovell_welfare_devops_manager.git,https://sovell-cn-shanghai.devops.aliyuncs.com/codeup/sovell/unified_welfare/sovell_welfare_devops_manager,False
4971838,sovell/unified_welfare/sovell_welfare_enterprise_manager,https://sovell-cn-shanghai.devops.aliyuncs.com/codeup/unified_welfare/sovell_welfare_enterprise_manager.git,https://sovell-cn-shanghai.devops.aliyuncs.com/codeup/sovell/unified_welfare/sovell_welfare_enterprise_manager,False
4971841,sovell/unified_welfare/sovell_welfare_miniprogram,https://sovell-cn-shanghai.devops.aliyuncs.com/codeup/unified_welfare/sovell_welfare_miniprogram.git,https://sovell-cn-shanghai.devops.aliyuncs.com/codeup/sovell/unified_welfare/sovell_welfare_miniprogram,False
4973041,sovell/unified_welfare/sovell_welfare_miniprogram_middleware,https://sovell-cn-shanghai.devops.aliyuncs.com/codeup/unified_welfare/sovell_welfare_miniprogram_middleware.git,https://sovell-cn-shanghai.devops.aliyuncs.com/codeup/sovell/unified_welfare/sovell_welfare_miniprogram_middleware,False
4971842,sovell/unified_welfare/sovell_welfare_service_docking,https://sovell-cn-shanghai.devops.aliyuncs.com/codeup/unified_welfare/sovell_welfare_service_docking.git,https://sovell-cn-shanghai.devops.aliyuncs.com/codeup/sovell/unified_welfare/sovell_welfare_service_docking,False
4971840,sovell/unified_welfare/sovell_welfare_service_manager,https://sovell-cn-shanghai.devops.aliyuncs.com/codeup/unified_welfare/sovell_welfare_service_manager.git,https://sovell-cn-shanghai.devops.aliyuncs.com/codeup/sovell/unified_welfare/sovell_welfare_service_manager,False
4971783,sovell/sovell-arrage/sovell-arrage,https://sovell-cn-shanghai.devops.aliyuncs.com/codeup/sovell-arrage/sovell-arrage.git,https://sovell-cn-shanghai.devops.aliyuncs.com/codeup/sovell/sovell-arrage/sovell-arrage,False
4971782,sovell/sovell-arrage/sovell-arrage-api,https://sovell-cn-shanghai.devops.aliyuncs.com/codeup/sovell-arrage/sovell-arrage-api.git,https://sovell-cn-shanghai.devops.aliyuncs.com/codeup/sovell/sovell-arrage/sovell-arrage-api,False
4977255,sovell/sovell-front-project/sovell-arrage-platform,https://sovell-cn-shanghai.devops.aliyuncs.com/codeup/sovell-front-project/sovell-arrage-platform.git,https://sovell-cn-shanghai.devops.aliyuncs.com/codeup/sovell/sovell-front-project/sovell-arrage-platform,False
4971781,sovell/sovell-arrage/sovell-arrage-platform,https://sovell-cn-shanghai.devops.aliyuncs.com/codeup/sovell-arrage/sovell-arrage-platform.git,https://sovell-cn-shanghai.devops.aliyuncs.com/codeup/sovell/sovell-arrage/sovell-arrage-platform,False
4971760,sovell/atlantis/sovell-artemis,https://sovell-cn-shanghai.devops.aliyuncs.com/codeup/atlantis/sovell-artemis.git,https://sovell-cn-shanghai.devops.aliyuncs.com/codeup/sovell/atlantis/sovell-artemis,False
4972074,sovell/atlantis/sovell-athena,https://sovell-cn-shanghai.devops.aliyuncs.com/codeup/atlantis/sovell-athena.git,https://sovell-cn-shanghai.devops.aliyuncs.com/codeup/sovell/atlantis/sovell-athena,False
4971752,sovell/atlantis/sovell-athena-management-admin,https://sovell-cn-shanghai.devops.aliyuncs.com/codeup/atlantis/sovell-athena-management-admin.git,https://sovell-cn-shanghai.devops.aliyuncs.com/codeup/sovell/atlantis/sovell-athena-management-admin,False
4971751,sovell/atlantis/sovell-atlantis,https://sovell-cn-shanghai.devops.aliyuncs.com/codeup/atlantis/sovell-atlantis.git,https://sovell-cn-shanghai.devops.aliyuncs.com/codeup/sovell/atlantis/sovell-atlantis,False
4972082,sovell/document/sovell-atlantis,https://sovell-cn-shanghai.devops.aliyuncs.com/codeup/document/sovell-atlantis.git,https://sovell-cn-shanghai.devops.aliyuncs.com/codeup/sovell/document/sovell-atlantis,False
4971738,sovell/atlantis/sovell-atlantis-api-devops,https://sovell-cn-shanghai.devops.aliyuncs.com/codeup/atlantis/sovell-atlantis-api-devops.git,https://sovell-cn-shanghai.devops.aliyuncs.com/codeup/sovell/atlantis/sovell-atlantis-api-devops,False
4971739,sovell/atlantis/sovell-atlantis-api-devops-clientapi,https://sovell-cn-shanghai.devops.aliyuncs.com/codeup/atlantis/sovell-atlantis-api-devops-clientapi.git,https://sovell-cn-shanghai.devops.aliyuncs.com/codeup/sovell/atlantis/sovell-atlantis-api-devops-clientapi,False
4971746,sovell/atlantis/sovell-atlantis-api-devops-device,https://sovell-cn-shanghai.devops.aliyuncs.com/codeup/atlantis/sovell-atlantis-api-devops-device.git,https://sovell-cn-shanghai.devops.aliyuncs.com/codeup/sovell/atlantis/sovell-atlantis-api-devops-device,False
4971754,sovell/atlantis/sovell-atlantis-api-devops-openapi,https://sovell-cn-shanghai.devops.aliyuncs.com/codeup/atlantis/sovell-atlantis-api-devops-openapi.git,https://sovell-cn-shanghai.devops.aliyuncs.com/codeup/sovell/atlantis/sovell-atlantis-api-devops-openapi,False
4971753,sovell/atlantis/sovell-atlantis-api-home,https://sovell-cn-shanghai.devops.aliyuncs.com/codeup/atlantis/sovell-atlantis-api-home.git,https://sovell-cn-shanghai.devops.aliyuncs.com/codeup/sovell/atlantis/sovell-atlantis-api-home,False
4971747,sovell/atlantis/sovell-atlantis-api-login,https://sovell-cn-shanghai.devops.aliyuncs.com/codeup/atlantis/sovell-atlantis-api-login.git,https://sovell-cn-shanghai.devops.aliyuncs.com/codeup/sovell/atlantis/sovell-atlantis-api-login,False
4971741,sovell/atlantis/sovell-atlantis-api-restaurant,https://sovell-cn-shanghai.devops.aliyuncs.com/codeup/atlantis/sovell-atlantis-api-restaurant.git,https://sovell-cn-shanghai.devops.aliyuncs.com/codeup/sovell/atlantis/sovell-atlantis-api-restaurant,False
4971750,sovell/atlantis/sovell-atlantis-api-screen,https://sovell-cn-shanghai.devops.aliyuncs.com/codeup/atlantis/sovell-atlantis-api-screen.git,https://sovell-cn-shanghai.devops.aliyuncs.com/codeup/sovell/atlantis/sovell-atlantis-api-screen,False
4970557,sovell/atlantis/sovell-atlantis-cloud,https://sovell-cn-shanghai.devops.aliyuncs.com/codeup/atlantis/sovell-atlantis-cloud.git,https://sovell-cn-shanghai.devops.aliyuncs.com/codeup/sovell/atlantis/sovell-atlantis-cloud,False
4971744,sovell/atlantis/sovell-atlantis-core-printer,https://sovell-cn-shanghai.devops.aliyuncs.com/codeup/atlantis/sovell-atlantis-core-printer.git,https://sovell-cn-shanghai.devops.aliyuncs.com/codeup/sovell/atlantis/sovell-atlantis-core-printer,False
4971749,sovell/atlantis/sovell-atlantis-document,https://sovell-cn-shanghai.devops.aliyuncs.com/codeup/atlantis/sovell-atlantis-document.git,https://sovell-cn-shanghai.devops.aliyuncs.com/codeup/sovell/atlantis/sovell-atlantis-document,False
4982144,sovell/atlantis/sovell-atlantis-front-project,https://sovell-cn-shanghai.devops.aliyuncs.com/codeup/atlantis/sovell-atlantis-front-project.git,https://sovell-cn-shanghai.devops.aliyuncs.com/codeup/sovell/atlantis/sovell-atlantis-front-project,False
4971756,sovell/atlantis/sovell-atlantis-gateway,https://sovell-cn-shanghai.devops.aliyuncs.com/codeup/atlantis/sovell-atlantis-gateway.git,https://sovell-cn-shanghai.devops.aliyuncs.com/codeup/sovell/atlantis/sovell-atlantis-gateway,False
4971742,sovell/atlantis/sovell-atlantis-management-devops,https://sovell-cn-shanghai.devops.aliyuncs.com/codeup/atlantis/sovell-atlantis-management-devops.git,https://sovell-cn-shanghai.devops.aliyuncs.com/codeup/sovell/atlantis/sovell-atlantis-management-devops,False
4977250,sovell/sovell-front-project/sovell-atlantis-management-devops,https://sovell-cn-shanghai.devops.aliyuncs.com/codeup/sovell-front-project/sovell-atlantis-management-devops.git,https://sovell-cn-shanghai.devops.aliyuncs.com/codeup/sovell/sovell-front-project/sovell-atlantis-management-devops,False
4977249,sovell/sovell-front-project/sovell-atlantis-management-login,https://sovell-cn-shanghai.devops.aliyuncs.com/codeup/sovell-front-project/sovell-atlantis-management-login.git,https://sovell-cn-shanghai.devops.aliyuncs.com/codeup/sovell/sovell-front-project/sovell-atlantis-management-login,False
4971743,sovell/atlantis/sovell-atlantis-management-login,https://sovell-cn-shanghai.devops.aliyuncs.com/codeup/atlantis/sovell-atlantis-management-login.git,https://sovell-cn-shanghai.devops.aliyuncs.com/codeup/sovell/atlantis/sovell-atlantis-management-login,False
4971748,sovell/atlantis/sovell-atlantis-management-screen,https://sovell-cn-shanghai.devops.aliyuncs.com/codeup/atlantis/sovell-atlantis-management-screen.git,https://sovell-cn-shanghai.devops.aliyuncs.com/codeup/sovell/atlantis/sovell-atlantis-management-screen,False
4970786,sovell/atlantis/sovell-atlantis-service-core,https://sovell-cn-shanghai.devops.aliyuncs.com/codeup/atlantis/sovell-atlantis-service-core.git,https://sovell-cn-shanghai.devops.aliyuncs.com/codeup/sovell/atlantis/sovell-atlantis-service-core,False
4971740,sovell/atlantis/sovell-atlantis-service-devops,https://sovell-cn-shanghai.devops.aliyuncs.com/codeup/atlantis/sovell-atlantis-service-devops.git,https://sovell-cn-shanghai.devops.aliyuncs.com/codeup/sovell/atlantis/sovell-atlantis-service-devops,False
4972034,sovell/atlantis/sovell-atlas,https://sovell-cn-shanghai.devops.aliyuncs.com/codeup/atlantis/sovell-atlas.git,https://sovell-cn-shanghai.devops.aliyuncs.com/codeup/sovell/atlantis/sovell-atlas,False
4971757,sovell/atlantis/sovell-atlas-management-merchant,https://sovell-cn-shanghai.devops.aliyuncs.com/codeup/atlantis/sovell-atlas-management-merchant.git,https://sovell-cn-shanghai.devops.aliyuncs.com/codeup/sovell/atlantis/sovell-atlas-management-merchant,False
4971632,sovell/sovell-chaos/sovell-chaos,https://sovell-cn-shanghai.devops.aliyuncs.com/codeup/sovell-chaos/sovell-chaos.git,https://sovell-cn-shanghai.devops.aliyuncs.com/codeup/sovell/sovell-chaos/sovell-chaos,False
4972081,sovell/sovell-chaos/sovell-chaos-upms,https://sovell-cn-shanghai.devops.aliyuncs.com/codeup/sovell-chaos/sovell-chaos-upms.git,https://sovell-cn-shanghai.devops.aliyuncs.com/codeup/sovell/sovell-chaos/sovell-chaos-upms,False
4972002,sovell/sovell-chaos/sovell-chaos-warehouse,https://sovell-cn-shanghai.devops.aliyuncs.com/codeup/sovell-chaos/sovell-chaos-warehouse.git,https://sovell-cn-shanghai.devops.aliyuncs.com/codeup/sovell/sovell-chaos/sovell-chaos-warehouse,False
4972192,sovell/sovell-collect/sovell-collect-front/sovell-collect-admin-manager,https://sovell-cn-shanghai.devops.aliyuncs.com/codeup/sovell-collect/sovell-collect-front/sovell-collect-admin-manager.git,https://sovell-cn-shanghai.devops.aliyuncs.com/codeup/sovell/sovell-collect/sovell-collect-front/sovell-collect-admin-manager,False
4972210,sovell/sovell-collect/sovell-collect-front/sovell-collect-admin-sort-pda,https://sovell-cn-shanghai.devops.aliyuncs.com/codeup/sovell-collect/sovell-collect-front/sovell-collect-admin-sort-pda.git,https://sovell-cn-shanghai.devops.aliyuncs.com/codeup/sovell/sovell-collect/sovell-collect-front/sovell-collect-admin-sort-pda,False
4971846,sovell/sovell-collect/sovell-collect-android/sovell-collect-android-mobile,https://sovell-cn-shanghai.devops.aliyuncs.com/codeup/sovell-collect/sovell-collect-android/sovell-collect-android-mobile.git,https://sovell-cn-shanghai.devops.aliyuncs.com/codeup/sovell/sovell-collect/sovell-collect-android/sovell-collect-android-mobile,False
4971845,sovell/sovell-collect/sovell-collect-android/sovell-collect-android-pda,https://sovell-cn-shanghai.devops.aliyuncs.com/codeup/sovell-collect/sovell-collect-android/sovell-collect-android-pda.git,https://sovell-cn-shanghai.devops.aliyuncs.com/codeup/sovell/sovell-collect/sovell-collect-android/sovell-collect-android-pda,False
4971848,sovell/sovell-collect/sovell-collect-api,https://sovell-cn-shanghai.devops.aliyuncs.com/codeup/sovell-collect/sovell-collect-api.git,https://sovell-cn-shanghai.devops.aliyuncs.com/codeup/sovell/sovell-collect/sovell-collect-api,False
4972263,sovell/sovell-collect/sovell-collect-backend/sovell-collect-common,https://sovell-cn-shanghai.devops.aliyuncs.com/codeup/sovell-collect/sovell-collect-backend/sovell-collect-common.git,https://sovell-cn-shanghai.devops.aliyuncs.com/codeup/sovell/sovell-collect/sovell-collect-backend/sovell-collect-common,False
4972328,sovell/sovell-collect/sovell-collect-backend/sovell-collect-data-service,https://sovell-cn-shanghai.devops.aliyuncs.com/codeup/sovell-collect/sovell-collect-backend/sovell-collect-data-service.git,https://sovell-cn-shanghai.devops.aliyuncs.com/codeup/sovell/sovell-collect/sovell-collect-backend/sovell-collect-data-service,False
4972029,sovell/sovell-collect/sovell-collect-front/sovell-collect-delivery-pda,https://sovell-cn-shanghai.devops.aliyuncs.com/codeup/sovell-collect/sovell-collect-front/sovell-collect-delivery-pda.git,https://sovell-cn-shanghai.devops.aliyuncs.com/codeup/sovell/sovell-collect/sovell-collect-front/sovell-collect-delivery-pda,False
4972249,sovell/sovell-collect/sovell-collect-backend/sovell-collect-dependencies,https://sovell-cn-shanghai.devops.aliyuncs.com/codeup/sovell-collect/sovell-collect-backend/sovell-collect-dependencies.git,https://sovell-cn-shanghai.devops.aliyuncs.com/codeup/sovell/sovell-collect/sovell-collect-backend/sovell-collect-dependencies,False
4972008,sovell/sovell-collect/sovell-collect-backend/sovell-collect-gateway,https://sovell-cn-shanghai.devops.aliyuncs.com/codeup/sovell-collect/sovell-collect-backend/sovell-collect-gateway.git,https://sovell-cn-shanghai.devops.aliyuncs.com/codeup/sovell/sovell-collect/sovell-collect-backend/sovell-collect-gateway,False
4972356,sovell/sovell-collect/sovell-collect-backend/sovell-collect-old,https://sovell-cn-shanghai.devops.aliyuncs.com/codeup/sovell-collect/sovell-collect-backend/sovell-collect-old.git,https://sovell-cn-shanghai.devops.aliyuncs.com/codeup/sovell/sovell-collect/sovell-collect-backend/sovell-collect-old,False
4972228,sovell/sovell-collect/sovell-collect-backend/sovell-collect-product,https://sovell-cn-shanghai.devops.aliyuncs.com/codeup/sovell-collect/sovell-collect-backend/sovell-collect-product.git,https://sovell-cn-shanghai.devops.aliyuncs.com/codeup/sovell/sovell-collect/sovell-collect-backend/sovell-collect-product,False
4972337,sovell/sovell-collect/sovell-collect-backend/sovell-collect-purchase,https://sovell-cn-shanghai.devops.aliyuncs.com/codeup/sovell-collect/sovell-collect-backend/sovell-collect-purchase.git,https://sovell-cn-shanghai.devops.aliyuncs.com/codeup/sovell/sovell-collect/sovell-collect-backend/sovell-collect-purchase,False
4972091,sovell/sovell-collect/sovell-collect-front/sovell-collect-purchase-pda,https://sovell-cn-shanghai.devops.aliyuncs.com/codeup/sovell-collect/sovell-collect-front/sovell-collect-purchase-pda.git,https://sovell-cn-shanghai.devops.aliyuncs.com/codeup/sovell/sovell-collect/sovell-collect-front/sovell-collect-purchase-pda,False
4971847,sovell/sovell-collect/sovell-collect-service-core,https://sovell-cn-shanghai.devops.aliyuncs.com/codeup/sovell-collect/sovell-collect-service-core.git,https://sovell-cn-shanghai.devops.aliyuncs.com/codeup/sovell/sovell-collect/sovell-collect-service-core,False
4972098,sovell/sovell-collect/sovell-collect-front/sovell-collect-supplier-manager,https://sovell-cn-shanghai.devops.aliyuncs.com/codeup/sovell-collect/sovell-collect-front/sovell-collect-supplier-manager.git,https://sovell-cn-shanghai.devops.aliyuncs.com/codeup/sovell/sovell-collect/sovell-collect-front/sovell-collect-supplier-manager,False
4972038,sovell/sovell-collect/sovell-collect-front/sovell-collect-supplier-pda,https://sovell-cn-shanghai.devops.aliyuncs.com/codeup/sovell-collect/sovell-collect-front/sovell-collect-supplier-pda.git,https://sovell-cn-shanghai.devops.aliyuncs.com/codeup/sovell/sovell-collect/sovell-collect-front/sovell-collect-supplier-pda,False
4972359,sovell/sovell-collect/sovell-collect-backend/sovell-collect-user,https://sovell-cn-shanghai.devops.aliyuncs.com/codeup/sovell-collect/sovell-collect-backend/sovell-collect-user.git,https://sovell-cn-shanghai.devops.aliyuncs.com/codeup/sovell/sovell-collect/sovell-collect-backend/sovell-collect-user,False
4972274,sovell/sovell-collect/sovell-collect-backend/sovell-collect-wms,https://sovell-cn-shanghai.devops.aliyuncs.com/codeup/sovell-collect/sovell-collect-backend/sovell-collect-wms.git,https://sovell-cn-shanghai.devops.aliyuncs.com/codeup/sovell/sovell-collect/sovell-collect-backend/sovell-collect-wms,False
4971811,sovell/third_custom/sovell-custom-manager,https://sovell-cn-shanghai.devops.aliyuncs.com/codeup/third_custom/sovell-custom-manager.git,https://sovell-cn-shanghai.devops.aliyuncs.com/codeup/sovell/third_custom/sovell-custom-manager,False
4971813,sovell/third_custom/sovell-customer-api,https://sovell-cn-shanghai.devops.aliyuncs.com/codeup/third_custom/sovell-customer-api.git,https://sovell-cn-shanghai.devops.aliyuncs.com/codeup/sovell/third_custom/sovell-customer-api,False
4971812,sovell/third_custom/sovell-customer-core,https://sovell-cn-shanghai.devops.aliyuncs.com/codeup/third_custom/sovell-customer-core.git,https://sovell-cn-shanghai.devops.aliyuncs.com/codeup/sovell/third_custom/sovell-customer-core,False
4971778,sovell/data-center/sovell-data-center-api,https://sovell-cn-shanghai.devops.aliyuncs.com/codeup/data-center/sovell-data-center-api.git,https://sovell-cn-shanghai.devops.aliyuncs.com/codeup/sovell/data-center/sovell-data-center-api,False
4971795,sovell/sovell-restaurant/sovell-data-center-core,https://sovell-cn-shanghai.devops.aliyuncs.com/codeup/sovell-restaurant/sovell-data-center-core.git,https://sovell-cn-shanghai.devops.aliyuncs.com/codeup/sovell/sovell-restaurant/sovell-data-center-core,False
4971777,sovell/data-center/sovell-data-center-service,https://sovell-cn-shanghai.devops.aliyuncs.com/codeup/data-center/sovell-data-center-service.git,https://sovell-cn-shanghai.devops.aliyuncs.com/codeup/sovell/data-center/sovell-data-center-service,False
4971937,sovell/Android/5.0/android_web/sovell-data-promulgation,https://sovell-cn-shanghai.devops.aliyuncs.com/codeup/Android/5.0/android_web/sovell-data-promulgation.git,https://sovell-cn-shanghai.devops.aliyuncs.com/codeup/sovell/Android/5.0/android_web/sovell-data-promulgation,False
4971817,sovell/intell-menu/sovell-demeter,https://sovell-cn-shanghai.devops.aliyuncs.com/codeup/intell-menu/sovell-demeter.git,https://sovell-cn-shanghai.devops.aliyuncs.com/codeup/sovell/intell-menu/sovell-demeter,False
4971821,sovell/intell-menu/sovell-demeter-api-center,https://sovell-cn-shanghai.devops.aliyuncs.com/codeup/intell-menu/sovell-demeter-api-center.git,https://sovell-cn-shanghai.devops.aliyuncs.com/codeup/sovell/intell-menu/sovell-demeter-api-center,False
4971824,sovell/intell-menu/sovell-demeter-api-merchant,https://sovell-cn-shanghai.devops.aliyuncs.com/codeup/intell-menu/sovell-demeter-api-merchant.git,https://sovell-cn-shanghai.devops.aliyuncs.com/codeup/sovell/intell-menu/sovell-demeter-api-merchant,False
4971816,sovell/intell-menu/sovell-demeter-api-merge,https://sovell-cn-shanghai.devops.aliyuncs.com/codeup/intell-menu/sovell-demeter-api-merge.git,https://sovell-cn-shanghai.devops.aliyuncs.com/codeup/sovell/intell-menu/sovell-demeter-api-merge,False
4971825,sovell/intell-menu/sovell-demeter-api-supplier,https://sovell-cn-shanghai.devops.aliyuncs.com/codeup/intell-menu/sovell-demeter-api-supplier.git,https://sovell-cn-shanghai.devops.aliyuncs.com/codeup/sovell/intell-menu/sovell-demeter-api-supplier,False
4971814,sovell/intell-menu/sovell-demeter-docking-service,https://sovell-cn-shanghai.devops.aliyuncs.com/codeup/intell-menu/sovell-demeter-docking-service.git,https://sovell-cn-shanghai.devops.aliyuncs.com/codeup/sovell/intell-menu/sovell-demeter-docking-service,False
4971822,sovell/intell-menu/sovell-demeter-management-center,https://sovell-cn-shanghai.devops.aliyuncs.com/codeup/intell-menu/sovell-demeter-management-center.git,https://sovell-cn-shanghai.devops.aliyuncs.com/codeup/sovell/intell-menu/sovell-demeter-management-center,False
4971823,sovell/intell-menu/sovell-demeter-management-merchant,https://sovell-cn-shanghai.devops.aliyuncs.com/codeup/intell-menu/sovell-demeter-management-merchant.git,https://sovell-cn-shanghai.devops.aliyuncs.com/codeup/sovell/intell-menu/sovell-demeter-management-merchant,False
4977253,sovell/sovell-front-project/sovell-demeter-management-merge,https://sovell-cn-shanghai.devops.aliyuncs.com/codeup/sovell-front-project/sovell-demeter-management-merge.git,https://sovell-cn-shanghai.devops.aliyuncs.com/codeup/sovell/sovell-front-project/sovell-demeter-management-merge,False
4971815,sovell/intell-menu/sovell-demeter-management-merge,https://sovell-cn-shanghai.devops.aliyuncs.com/codeup/intell-menu/sovell-demeter-management-merge.git,https://sovell-cn-shanghai.devops.aliyuncs.com/codeup/sovell/intell-menu/sovell-demeter-management-merge,False
4971826,sovell/intell-menu/sovell-demeter-management-supplier,https://sovell-cn-shanghai.devops.aliyuncs.com/codeup/intell-menu/sovell-demeter-management-supplier.git,https://sovell-cn-shanghai.devops.aliyuncs.com/codeup/sovell/intell-menu/sovell-demeter-management-supplier,False
4971820,sovell/intell-menu/sovell-demeter-openapi,https://sovell-cn-shanghai.devops.aliyuncs.com/codeup/intell-menu/sovell-demeter-openapi.git,https://sovell-cn-shanghai.devops.aliyuncs.com/codeup/sovell/intell-menu/sovell-demeter-openapi,False
4972298,sovell/document/sovell-discovery,https://sovell-cn-shanghai.devops.aliyuncs.com/codeup/document/sovell-discovery.git,https://sovell-cn-shanghai.devops.aliyuncs.com/codeup/sovell/document/sovell-discovery,False
4971803,sovell/sovell-restaurant/sovell-donet-core,https://sovell-cn-shanghai.devops.aliyuncs.com/codeup/sovell-restaurant/sovell-donet-core.git,https://sovell-cn-shanghai.devops.aliyuncs.com/codeup/sovell/sovell-restaurant/sovell-donet-core,False
4972150,sovell/document/sovell-endeavour,https://sovell-cn-shanghai.devops.aliyuncs.com/codeup/document/sovell-endeavour.git,https://sovell-cn-shanghai.devops.aliyuncs.com/codeup/sovell/document/sovell-endeavour,False
4972265,sovell/document/sovell-explorer,https://sovell-cn-shanghai.devops.aliyuncs.com/codeup/document/sovell-explorer.git,https://sovell-cn-shanghai.devops.aliyuncs.com/codeup/sovell/document/sovell-explorer,False
4971787,sovell/sovell-restaurant/sovell-face,https://sovell-cn-shanghai.devops.aliyuncs.com/codeup/sovell-restaurant/sovell-face.git,https://sovell-cn-shanghai.devops.aliyuncs.com/codeup/sovell/sovell-restaurant/sovell-face,False
4971854,sovell/Android/5.0/SDK/sovell-face-aar,https://sovell-cn-shanghai.devops.aliyuncs.com/codeup/Android/5.0/SDK/sovell-face-aar.git,https://sovell-cn-shanghai.devops.aliyuncs.com/codeup/sovell/Android/5.0/SDK/sovell-face-aar,False
4971775,sovell/sovell-food-safety/sovell-food-safety-api,https://sovell-cn-shanghai.devops.aliyuncs.com/codeup/sovell-food-safety/sovell-food-safety-api.git,https://sovell-cn-shanghai.devops.aliyuncs.com/codeup/sovell/sovell-food-safety/sovell-food-safety-api,False
4971774,sovell/sovell-food-safety/sovell-food-safety-core,https://sovell-cn-shanghai.devops.aliyuncs.com/codeup/sovell-food-safety/sovell-food-safety-core.git,https://sovell-cn-shanghai.devops.aliyuncs.com/codeup/sovell/sovell-food-safety/sovell-food-safety-core,False
4977413,sovell/ai-go/sovell-front-project,https://sovell-cn-shanghai.devops.aliyuncs.com/codeup/ai-go/sovell-front-project.git,https://sovell-cn-shanghai.devops.aliyuncs.com/codeup/sovell/ai-go/sovell-front-project,False
4971794,sovell/sovell-restaurant/sovell-information-api-center,https://sovell-cn-shanghai.devops.aliyuncs.com/codeup/sovell-restaurant/sovell-information-api-center.git,https://sovell-cn-shanghai.devops.aliyuncs.com/codeup/sovell/sovell-restaurant/sovell-information-api-center,False
4971796,sovell/sovell-restaurant/sovell-information-service-core,https://sovell-cn-shanghai.devops.aliyuncs.com/codeup/sovell-restaurant/sovell-information-service-core.git,https://sovell-cn-shanghai.devops.aliyuncs.com/codeup/sovell/sovell-restaurant/sovell-information-service-core,False
4971745,sovell/atlantis/sovell-iot-device,https://sovell-cn-shanghai.devops.aliyuncs.com/codeup/atlantis/sovell-iot-device.git,https://sovell-cn-shanghai.devops.aliyuncs.com/codeup/sovell/atlantis/sovell-iot-device,False
4971966,sovell/Android/5.0/android_web/sovell-move-board,https://sovell-cn-shanghai.devops.aliyuncs.com/codeup/Android/5.0/android_web/sovell-move-board.git,https://sovell-cn-shanghai.devops.aliyuncs.com/codeup/sovell/Android/5.0/android_web/sovell-move-board,False
4972156,sovell/document/sovell-navi,https://sovell-cn-shanghai.devops.aliyuncs.com/codeup/document/sovell-navi.git,https://sovell-cn-shanghai.devops.aliyuncs.com/codeup/sovell/document/sovell-navi,False
4972110,sovell/Navi/sovell-navi,https://sovell-cn-shanghai.devops.aliyuncs.com/codeup/Navi/sovell-navi.git,https://sovell-cn-shanghai.devops.aliyuncs.com/codeup/sovell/Navi/sovell-navi,False
4971771,sovell/Navi/sovell-navi-alipay-core,https://sovell-cn-shanghai.devops.aliyuncs.com/codeup/Navi/sovell-navi-alipay-core.git,https://sovell-cn-shanghai.devops.aliyuncs.com/codeup/sovell/Navi/sovell-navi-alipay-core,False
4971770,sovell/Navi/sovell-navi-api-center,https://sovell-cn-shanghai.devops.aliyuncs.com/codeup/Navi/sovell-navi-api-center.git,https://sovell-cn-shanghai.devops.aliyuncs.com/codeup/sovell/Navi/sovell-navi-api-center,False
4972174,sovell/Navi/sovell-navi-api-clientapi,https://sovell-cn-shanghai.devops.aliyuncs.com/codeup/Navi/sovell-navi-api-clientapi.git,https://sovell-cn-shanghai.devops.aliyuncs.com/codeup/sovell/Navi/sovell-navi-api-clientapi,False
4972086,sovell/Navi/sovell-navi-api-devops,https://sovell-cn-shanghai.devops.aliyuncs.com/codeup/Navi/sovell-navi-api-devops.git,https://sovell-cn-shanghai.devops.aliyuncs.com/codeup/sovell/Navi/sovell-navi-api-devops,False
4971769,sovell/Navi/sovell-navi-api-enterprise,https://sovell-cn-shanghai.devops.aliyuncs.com/codeup/Navi/sovell-navi-api-enterprise.git,https://sovell-cn-shanghai.devops.aliyuncs.com/codeup/sovell/Navi/sovell-navi-api-enterprise,False
4972142,sovell/Navi/sovell-navi-api-openapi,https://sovell-cn-shanghai.devops.aliyuncs.com/codeup/Navi/sovell-navi-api-openapi.git,https://sovell-cn-shanghai.devops.aliyuncs.com/codeup/sovell/Navi/sovell-navi-api-openapi,False
4972201,sovell/Navi/sovell-navi-client-portal,https://sovell-cn-shanghai.devops.aliyuncs.com/codeup/Navi/sovell-navi-client-portal.git,https://sovell-cn-shanghai.devops.aliyuncs.com/codeup/sovell/Navi/sovell-navi-client-portal,False
4972266,sovell/Navi/sovell-navi-management-admin,https://sovell-cn-shanghai.devops.aliyuncs.com/codeup/Navi/sovell-navi-management-admin.git,https://sovell-cn-shanghai.devops.aliyuncs.com/codeup/sovell/Navi/sovell-navi-management-admin,False
4972062,sovell/Navi/sovell-navi-management-admin-v2,https://sovell-cn-shanghai.devops.aliyuncs.com/codeup/Navi/sovell-navi-management-admin-v2.git,https://sovell-cn-shanghai.devops.aliyuncs.com/codeup/sovell/Navi/sovell-navi-management-admin-v2,False
4972035,sovell/Navi/sovell-navi-management-center,https://sovell-cn-shanghai.devops.aliyuncs.com/codeup/Navi/sovell-navi-management-center.git,https://sovell-cn-shanghai.devops.aliyuncs.com/codeup/sovell/Navi/sovell-navi-management-center,False
4972310,sovell/Navi/sovell-navi-management-center-v2,https://sovell-cn-shanghai.devops.aliyuncs.com/codeup/Navi/sovell-navi-management-center-v2.git,https://sovell-cn-shanghai.devops.aliyuncs.com/codeup/sovell/Navi/sovell-navi-management-center-v2,False
4971767,sovell/Navi/sovell-navi-management-center-v3,https://sovell-cn-shanghai.devops.aliyuncs.com/codeup/Navi/sovell-navi-management-center-v3.git,https://sovell-cn-shanghai.devops.aliyuncs.com/codeup/sovell/Navi/sovell-navi-management-center-v3,False
4977251,sovell/sovell-front-project/sovell-navi-management-center-v3,https://sovell-cn-shanghai.devops.aliyuncs.com/codeup/sovell-front-project/sovell-navi-management-center-v3.git,https://sovell-cn-shanghai.devops.aliyuncs.com/codeup/sovell/sovell-front-project/sovell-navi-management-center-v3,False
4972369,sovell/Navi/sovell-navi-management-center-v4,https://sovell-cn-shanghai.devops.aliyuncs.com/codeup/Navi/sovell-navi-management-center-v4.git,https://sovell-cn-shanghai.devops.aliyuncs.com/codeup/sovell/Navi/sovell-navi-management-center-v4,False
4972233,sovell/Navi/sovell-navi-management-enterprise-v2,https://sovell-cn-shanghai.devops.aliyuncs.com/codeup/Navi/sovell-navi-management-enterprise-v2.git,https://sovell-cn-shanghai.devops.aliyuncs.com/codeup/sovell/Navi/sovell-navi-management-enterprise-v2,False
4971768,sovell/Navi/sovell-navi-management-enterprise-v3,https://sovell-cn-shanghai.devops.aliyuncs.com/codeup/Navi/sovell-navi-management-enterprise-v3.git,https://sovell-cn-shanghai.devops.aliyuncs.com/codeup/sovell/Navi/sovell-navi-management-enterprise-v3,False
4977252,sovell/sovell-front-project/sovell-navi-management-enterprise-v3,https://sovell-cn-shanghai.devops.aliyuncs.com/codeup/sovell-front-project/sovell-navi-management-enterprise-v3.git,https://sovell-cn-shanghai.devops.aliyuncs.com/codeup/sovell/sovell-front-project/sovell-navi-management-enterprise-v3,False
4972368,sovell/Navi/sovell-navi-management-enterprise-v4,https://sovell-cn-shanghai.devops.aliyuncs.com/codeup/Navi/sovell-navi-management-enterprise-v4.git,https://sovell-cn-shanghai.devops.aliyuncs.com/codeup/sovell/Navi/sovell-navi-management-enterprise-v4,False
4977261,sovell/sovell-front-project/sovell-navi-publish-broadcast,https://sovell-cn-shanghai.devops.aliyuncs.com/codeup/sovell-front-project/sovell-navi-publish-broadcast.git,https://sovell-cn-shanghai.devops.aliyuncs.com/codeup/sovell/sovell-front-project/sovell-navi-publish-broadcast,False
4971773,sovell/Navi/sovell-navi-publish-broadcast,https://sovell-cn-shanghai.devops.aliyuncs.com/codeup/Navi/sovell-navi-publish-broadcast.git,https://sovell-cn-shanghai.devops.aliyuncs.com/codeup/sovell/Navi/sovell-navi-publish-broadcast,False
4971710,sovell/Navi/sovell-navi-service-core,https://sovell-cn-shanghai.devops.aliyuncs.com/codeup/Navi/sovell-navi-service-core.git,https://sovell-cn-shanghai.devops.aliyuncs.com/codeup/sovell/Navi/sovell-navi-service-core,False
4972096,sovell/Navi/sovell-navi-v2,https://sovell-cn-shanghai.devops.aliyuncs.com/codeup/Navi/sovell-navi-v2.git,https://sovell-cn-shanghai.devops.aliyuncs.com/codeup/sovell/Navi/sovell-navi-v2,False
4971772,sovell/Navi/sovell-navi-v3,https://sovell-cn-shanghai.devops.aliyuncs.com/codeup/Navi/sovell-navi-v3.git,https://sovell-cn-shanghai.devops.aliyuncs.com/codeup/sovell/Navi/sovell-navi-v3,False
4974853,sovell/Navi/sovell-navi-welfare-sync,https://sovell-cn-shanghai.devops.aliyuncs.com/codeup/Navi/sovell-navi-welfare-sync.git,https://sovell-cn-shanghai.devops.aliyuncs.com/codeup/sovell/Navi/sovell-navi-welfare-sync,False
4972357,sovell/Navi/sovell-navi-wx-app,https://sovell-cn-shanghai.devops.aliyuncs.com/codeup/Navi/sovell-navi-wx-app.git,https://sovell-cn-shanghai.devops.aliyuncs.com/codeup/sovell/Navi/sovell-navi-wx-app,False
4971982,sovell/Android/5.0/sovell-orders-board,https://sovell-cn-shanghai.devops.aliyuncs.com/codeup/Android/5.0/sovell-orders-board.git,https://sovell-cn-shanghai.devops.aliyuncs.com/codeup/sovell/Android/5.0/sovell-orders-board,False
4972237,sovell/third_custom/sovell-policy-core,https://sovell-cn-shanghai.devops.aliyuncs.com/codeup/third_custom/sovell-policy-core.git,https://sovell-cn-shanghai.devops.aliyuncs.com/codeup/sovell/third_custom/sovell-policy-core,False
4971944,sovell/Android/5.0/sovell-printer,https://sovell-cn-shanghai.devops.aliyuncs.com/codeup/Android/5.0/sovell-printer.git,https://sovell-cn-shanghai.devops.aliyuncs.com/codeup/sovell/Android/5.0/sovell-printer,False
4971819,sovell/intell-menu/sovell-procurement-mobile,https://sovell-cn-shanghai.devops.aliyuncs.com/codeup/intell-menu/sovell-procurement-mobile.git,https://sovell-cn-shanghai.devops.aliyuncs.com/codeup/sovell/intell-menu/sovell-procurement-mobile,False
4973575,sovell/jiaoyusheng/sovell-push,https://sovell-cn-shanghai.devops.aliyuncs.com/codeup/jiaoyusheng/sovell-push.git,https://sovell-cn-shanghai.devops.aliyuncs.com/codeup/sovell/jiaoyusheng/sovell-push,False
4971798,sovell/sovell-restaurant/sovell-restaurant-base-core,https://sovell-cn-shanghai.devops.aliyuncs.com/codeup/sovell-restaurant/sovell-restaurant-base-core.git,https://sovell-cn-shanghai.devops.aliyuncs.com/codeup/sovell/sovell-restaurant/sovell-restaurant-base-core,False
4971790,sovell/sovell-restaurant/sovell-restaurant-manager-admin,https://sovell-cn-shanghai.devops.aliyuncs.com/codeup/sovell-restaurant/sovell-restaurant-manager-admin.git,https://sovell-cn-shanghai.devops.aliyuncs.com/codeup/sovell/sovell-restaurant/sovell-restaurant-manager-admin,False
4977256,sovell/sovell-front-project/sovell-restaurant-manager-admin,https://sovell-cn-shanghai.devops.aliyuncs.com/codeup/sovell-front-project/sovell-restaurant-manager-admin.git,https://sovell-cn-shanghai.devops.aliyuncs.com/codeup/sovell/sovell-front-project/sovell-restaurant-manager-admin,False
4971793,sovell/sovell-restaurant/sovell-restaurant-manager-face,https://sovell-cn-shanghai.devops.aliyuncs.com/codeup/sovell-restaurant/sovell-restaurant-manager-face.git,https://sovell-cn-shanghai.devops.aliyuncs.com/codeup/sovell/sovell-restaurant/sovell-restaurant-manager-face,False
4971789,sovell/sovell-restaurant/sovell-restaurant-order-core,https://sovell-cn-shanghai.devops.aliyuncs.com/codeup/sovell-restaurant/sovell-restaurant-order-core.git,https://sovell-cn-shanghai.devops.aliyuncs.com/codeup/sovell/sovell-restaurant/sovell-restaurant-order-core,False
4971804,sovell/sovell-restaurant/sovell-restaurant-policy-custom,https://sovell-cn-shanghai.devops.aliyuncs.com/codeup/sovell-restaurant/sovell-restaurant-policy-custom.git,https://sovell-cn-shanghai.devops.aliyuncs.com/codeup/sovell/sovell-restaurant/sovell-restaurant-policy-custom,False
4971797,sovell/sovell-restaurant/sovell-restaurant-report-core,https://sovell-cn-shanghai.devops.aliyuncs.com/codeup/sovell-restaurant/sovell-restaurant-report-core.git,https://sovell-cn-shanghai.devops.aliyuncs.com/codeup/sovell/sovell-restaurant/sovell-restaurant-report-core,False
4971791,sovell/sovell-restaurant/sovell-retail-platform-api,https://sovell-cn-shanghai.devops.aliyuncs.com/codeup/sovell-restaurant/sovell-retail-platform-api.git,https://sovell-cn-shanghai.devops.aliyuncs.com/codeup/sovell/sovell-restaurant/sovell-retail-platform-api,False
4971785,sovell/sovell-restaurant/sovell-retail-platform-core,https://sovell-cn-shanghai.devops.aliyuncs.com/codeup/sovell-restaurant/sovell-retail-platform-core.git,https://sovell-cn-shanghai.devops.aliyuncs.com/codeup/sovell/sovell-restaurant/sovell-retail-platform-core,False
4972165,sovell/document/sovell-rst,https://sovell-cn-shanghai.devops.aliyuncs.com/codeup/document/sovell-rst.git,https://sovell-cn-shanghai.devops.aliyuncs.com/codeup/sovell/document/sovell-rst,False
4971853,sovell/Android/5.0/SDK/sovell-sdk-aar,https://sovell-cn-shanghai.devops.aliyuncs.com/codeup/Android/5.0/SDK/sovell-sdk-aar.git,https://sovell-cn-shanghai.devops.aliyuncs.com/codeup/sovell/Android/5.0/SDK/sovell-sdk-aar,False
4972327,sovell/document/sovell-sea,https://sovell-cn-shanghai.devops.aliyuncs.com/codeup/document/sovell-sea.git,https://sovell-cn-shanghai.devops.aliyuncs.com/codeup/sovell/document/sovell-sea,False
4971779,sovell/auto-test/sovell-service-auto-test,https://sovell-cn-shanghai.devops.aliyuncs.com/codeup/auto-test/sovell-service-auto-test.git,https://sovell-cn-shanghai.devops.aliyuncs.com/codeup/sovell/auto-test/sovell-service-auto-test,False
4971805,sovell/single-intell-menu/sovell-single-demeter,https://sovell-cn-shanghai.devops.aliyuncs.com/codeup/single-intell-menu/sovell-single-demeter.git,https://sovell-cn-shanghai.devops.aliyuncs.com/codeup/sovell/single-intell-menu/sovell-single-demeter,False
4971806,sovell/single-intell-menu/sovell-single-demeter-api,https://sovell-cn-shanghai.devops.aliyuncs.com/codeup/single-intell-menu/sovell-single-demeter-api.git,https://sovell-cn-shanghai.devops.aliyuncs.com/codeup/sovell/single-intell-menu/sovell-single-demeter-api,False
4971953,sovell/Android/5.0/sovell-supermarket,https://sovell-cn-shanghai.devops.aliyuncs.com/codeup/Android/5.0/sovell-supermarket.git,https://sovell-cn-shanghai.devops.aliyuncs.com/codeup/sovell/Android/5.0/sovell-supermarket,False
4977257,sovell/sovell-front-project/sovell-supermarket-manager,https://sovell-cn-shanghai.devops.aliyuncs.com/codeup/sovell-front-project/sovell-supermarket-manager.git,https://sovell-cn-shanghai.devops.aliyuncs.com/codeup/sovell/sovell-front-project/sovell-supermarket-manager,False
4971792,sovell/sovell-restaurant/sovell-supermarket-manager,https://sovell-cn-shanghai.devops.aliyuncs.com/codeup/sovell-restaurant/sovell-supermarket-manager.git,https://sovell-cn-shanghai.devops.aliyuncs.com/codeup/sovell/sovell-restaurant/sovell-supermarket-manager,False
4971836,sovell/unified_welfare/sovell-unified-welfare,https://sovell-cn-shanghai.devops.aliyuncs.com/codeup/unified_welfare/sovell-unified-welfare.git,https://sovell-cn-shanghai.devops.aliyuncs.com/codeup/sovell/unified_welfare/sovell-unified-welfare,False
4971837,sovell/unified_welfare/sovell-unified-welfare-api,https://sovell-cn-shanghai.devops.aliyuncs.com/codeup/unified_welfare/sovell-unified-welfare-api.git,https://sovell-cn-shanghai.devops.aliyuncs.com/codeup/sovell/unified_welfare/sovell-unified-welfare-api,False
4972043,sovell/document/sovell-vega,https://sovell-cn-shanghai.devops.aliyuncs.com/codeup/document/sovell-vega.git,https://sovell-cn-shanghai.devops.aliyuncs.com/codeup/sovell/document/sovell-vega,False
4971005,sovell/vega/sovell-vega-admin,https://sovell-cn-shanghai.devops.aliyuncs.com/codeup/vega/sovell-vega-admin.git,https://sovell-cn-shanghai.devops.aliyuncs.com/codeup/sovell/vega/sovell-vega-admin,False
4970981,sovell/vega/sovell-vega-api-admin,https://sovell-cn-shanghai.devops.aliyuncs.com/codeup/vega/sovell-vega-api-admin.git,https://sovell-cn-shanghai.devops.aliyuncs.com/codeup/sovell/vega/sovell-vega-api-admin,False
4971004,sovell/vega/sovell-vega-api-datav,https://sovell-cn-shanghai.devops.aliyuncs.com/codeup/vega/sovell-vega-api-datav.git,https://sovell-cn-shanghai.devops.aliyuncs.com/codeup/sovell/vega/sovell-vega-api-datav,False
4970999,sovell/vega/sovell-vega-api-home,https://sovell-cn-shanghai.devops.aliyuncs.com/codeup/vega/sovell-vega-api-home.git,https://sovell-cn-shanghai.devops.aliyuncs.com/codeup/sovell/vega/sovell-vega-api-home,False
4970979,sovell/vega/sovell-vega-api-sovellpay,https://sovell-cn-shanghai.devops.aliyuncs.com/codeup/vega/sovell-vega-api-sovellpay.git,https://sovell-cn-shanghai.devops.aliyuncs.com/codeup/sovell/vega/sovell-vega-api-sovellpay,False
4971007,sovell/vega/sovell-vega-api-warehouse,https://sovell-cn-shanghai.devops.aliyuncs.com/codeup/vega/sovell-vega-api-warehouse.git,https://sovell-cn-shanghai.devops.aliyuncs.com/codeup/sovell/vega/sovell-vega-api-warehouse,False
4970990,sovell/vega/sovell-vega-channel-alipay,https://sovell-cn-shanghai.devops.aliyuncs.com/codeup/vega/sovell-vega-channel-alipay.git,https://sovell-cn-shanghai.devops.aliyuncs.com/codeup/sovell/vega/sovell-vega-channel-alipay,False
4971006,sovell/vega/sovell-vega-channel-bestpay,https://sovell-cn-shanghai.devops.aliyuncs.com/codeup/vega/sovell-vega-channel-bestpay.git,https://sovell-cn-shanghai.devops.aliyuncs.com/codeup/sovell/vega/sovell-vega-channel-bestpay,False
4970994,sovell/vega/sovell-vega-channel-fuioupay,https://sovell-cn-shanghai.devops.aliyuncs.com/codeup/vega/sovell-vega-channel-fuioupay.git,https://sovell-cn-shanghai.devops.aliyuncs.com/codeup/sovell/vega/sovell-vega-channel-fuioupay,False
4971009,sovell/vega/sovell-vega-channel-lklpay,https://sovell-cn-shanghai.devops.aliyuncs.com/codeup/vega/sovell-vega-channel-lklpay.git,https://sovell-cn-shanghai.devops.aliyuncs.com/codeup/sovell/vega/sovell-vega-channel-lklpay,False
4970978,sovell/vega/sovell-vega-channel-wechat,https://sovell-cn-shanghai.devops.aliyuncs.com/codeup/vega/sovell-vega-channel-wechat.git,https://sovell-cn-shanghai.devops.aliyuncs.com/codeup/sovell/vega/sovell-vega-channel-wechat,False
4971026,sovell/vega/sovell-vega-datapipeline-hbase,https://sovell-cn-shanghai.devops.aliyuncs.com/codeup/vega/sovell-vega-datapipeline-hbase.git,https://sovell-cn-shanghai.devops.aliyuncs.com/codeup/sovell/vega/sovell-vega-datapipeline-hbase,False
4971021,sovell/vega/sovell-vega-datapipeline-monitor,https://sovell-cn-shanghai.devops.aliyuncs.com/codeup/vega/sovell-vega-datapipeline-monitor.git,https://sovell-cn-shanghai.devops.aliyuncs.com/codeup/sovell/vega/sovell-vega-datapipeline-monitor,False
4970987,sovell/vega/sovell-vega-datapipeline-report,https://sovell-cn-shanghai.devops.aliyuncs.com/codeup/vega/sovell-vega-datapipeline-report.git,https://sovell-cn-shanghai.devops.aliyuncs.com/codeup/sovell/vega/sovell-vega-datapipeline-report,False
4971016,sovell/vega/sovell-vega-flink,https://sovell-cn-shanghai.devops.aliyuncs.com/codeup/vega/sovell-vega-flink.git,https://sovell-cn-shanghai.devops.aliyuncs.com/codeup/sovell/vega/sovell-vega-flink,False
4971015,sovell/vega/sovell-vega-gateway-edge,https://sovell-cn-shanghai.devops.aliyuncs.com/codeup/vega/sovell-vega-gateway-edge.git,https://sovell-cn-shanghai.devops.aliyuncs.com/codeup/sovell/vega/sovell-vega-gateway-edge,False
4970982,sovell/vega/sovell-vega-management-admin,https://sovell-cn-shanghai.devops.aliyuncs.com/codeup/vega/sovell-vega-management-admin.git,https://sovell-cn-shanghai.devops.aliyuncs.com/codeup/sovell/vega/sovell-vega-management-admin,False
4970997,sovell/vega/sovell-vega-management-merchant,https://sovell-cn-shanghai.devops.aliyuncs.com/codeup/vega/sovell-vega-management-merchant.git,https://sovell-cn-shanghai.devops.aliyuncs.com/codeup/sovell/vega/sovell-vega-management-merchant,False
4971020,sovell/vega/sovell-vega-queue-edge,https://sovell-cn-shanghai.devops.aliyuncs.com/codeup/vega/sovell-vega-queue-edge.git,https://sovell-cn-shanghai.devops.aliyuncs.com/codeup/sovell/vega/sovell-vega-queue-edge,False
4971003,sovell/vega/sovell-vega-screen-pay,https://sovell-cn-shanghai.devops.aliyuncs.com/codeup/vega/sovell-vega-screen-pay.git,https://sovell-cn-shanghai.devops.aliyuncs.com/codeup/sovell/vega/sovell-vega-screen-pay,False
4970985,sovell/vega/sovell-vega-service-authorize,https://sovell-cn-shanghai.devops.aliyuncs.com/codeup/vega/sovell-vega-service-authorize.git,https://sovell-cn-shanghai.devops.aliyuncs.com/codeup/sovell/vega/sovell-vega-service-authorize,False
4970996,sovell/vega/sovell-vega-service-bill,https://sovell-cn-shanghai.devops.aliyuncs.com/codeup/vega/sovell-vega-service-bill.git,https://sovell-cn-shanghai.devops.aliyuncs.com/codeup/sovell/vega/sovell-vega-service-bill,False
4971000,sovell/vega/sovell-vega-service-customer,https://sovell-cn-shanghai.devops.aliyuncs.com/codeup/vega/sovell-vega-service-customer.git,https://sovell-cn-shanghai.devops.aliyuncs.com/codeup/sovell/vega/sovell-vega-service-customer,False
4971027,sovell/vega/sovell-vega-service-datapipeline,https://sovell-cn-shanghai.devops.aliyuncs.com/codeup/vega/sovell-vega-service-datapipeline.git,https://sovell-cn-shanghai.devops.aliyuncs.com/codeup/sovell/vega/sovell-vega-service-datapipeline,False
4970980,sovell/vega/sovell-vega-service-merchant,https://sovell-cn-shanghai.devops.aliyuncs.com/codeup/vega/sovell-vega-service-merchant.git,https://sovell-cn-shanghai.devops.aliyuncs.com/codeup/sovell/vega/sovell-vega-service-merchant,False
4970984,sovell/vega/sovell-vega-service-trade,https://sovell-cn-shanghai.devops.aliyuncs.com/codeup/vega/sovell-vega-service-trade.git,https://sovell-cn-shanghai.devops.aliyuncs.com/codeup/sovell/vega/sovell-vega-service-trade,False
4975911,sovell/unified_welfare/sovell-welfare-go,https://sovell-cn-shanghai.devops.aliyuncs.com/codeup/unified_welfare/sovell-welfare-go.git,https://sovell-cn-shanghai.devops.aliyuncs.com/codeup/sovell/unified_welfare/sovell-welfare-go,False
4975912,sovell/unified_welfare/sovell-welfare-go-clientapi,https://sovell-cn-shanghai.devops.aliyuncs.com/codeup/unified_welfare/sovell-welfare-go-clientapi.git,https://sovell-cn-shanghai.devops.aliyuncs.com/codeup/sovell/unified_welfare/sovell-welfare-go-clientapi,False
4975913,sovell/unified_welfare/sovell-welfare-go-docking,https://sovell-cn-shanghai.devops.aliyuncs.com/codeup/unified_welfare/sovell-welfare-go-docking.git,https://sovell-cn-shanghai.devops.aliyuncs.com/codeup/sovell/unified_welfare/sovell-welfare-go-docking,False
4975914,sovell/unified_welfare/sovell-welfare-go-report,https://sovell-cn-shanghai.devops.aliyuncs.com/codeup/unified_welfare/sovell-welfare-go-report.git,https://sovell-cn-shanghai.devops.aliyuncs.com/codeup/sovell/unified_welfare/sovell-welfare-go-report,False
4975915,sovell/unified_welfare/sovell-welfare-go-unified,https://sovell-cn-shanghai.devops.aliyuncs.com/codeup/unified_welfare/sovell-welfare-go-unified.git,https://sovell-cn-shanghai.devops.aliyuncs.com/codeup/sovell/unified_welfare/sovell-welfare-go-unified,False
4971707,sovell/unified_welfare/sovell-welfare-report,https://sovell-cn-shanghai.devops.aliyuncs.com/codeup/unified_welfare/sovell-welfare-report.git,https://sovell-cn-shanghai.devops.aliyuncs.com/codeup/sovell/unified_welfare/sovell-welfare-report,False
4971755,sovell/atlantis/sovell-zeus,https://sovell-cn-shanghai.devops.aliyuncs.com/codeup/atlantis/sovell-zeus.git,https://sovell-cn-shanghai.devops.aliyuncs.com/codeup/sovell/atlantis/sovell-zeus,False
4971818,sovell/intell-menu/stand-food,https://sovell-cn-shanghai.devops.aliyuncs.com/codeup/intell-menu/stand-food.git,https://sovell-cn-shanghai.devops.aliyuncs.com/codeup/sovell/intell-menu/stand-food,False
4971940,sovell/Android/5.0/store/store-intelligent-bound,https://sovell-cn-shanghai.devops.aliyuncs.com/codeup/Android/5.0/store/store-intelligent-bound.git,https://sovell-cn-shanghai.devops.aliyuncs.com/codeup/sovell/Android/5.0/store/store-intelligent-bound,False
4972163,sovell/third_custom/szgyy,https://sovell-cn-shanghai.devops.aliyuncs.com/codeup/third_custom/szgyy.git,https://sovell-cn-shanghai.devops.aliyuncs.com/codeup/sovell/third_custom/szgyy,False
4971959,sovell/Android/5.0/take-cabinet,https://sovell-cn-shanghai.devops.aliyuncs.com/codeup/Android/5.0/take-cabinet.git,https://sovell-cn-shanghai.devops.aliyuncs.com/codeup/sovell/Android/5.0/take-cabinet,False
4972288,sovell/third_custom/tes-tec,https://sovell-cn-shanghai.devops.aliyuncs.com/codeup/third_custom/tes-tec.git,https://sovell-cn-shanghai.devops.aliyuncs.com/codeup/sovell/third_custom/tes-tec,False
4972423,sovell/default/test,https://sovell-cn-shanghai.devops.aliyuncs.com/codeup/default/test.git,https://sovell-cn-shanghai.devops.aliyuncs.com/codeup/sovell/default/test,False
4970558,sovell/idish6/test,https://sovell-cn-shanghai.devops.aliyuncs.com/codeup/idish6/test.git,https://sovell-cn-shanghai.devops.aliyuncs.com/codeup/sovell/idish6/test,False
4971920,sovell/Android/5.0/airecognition/vision-settlement-console,https://sovell-cn-shanghai.devops.aliyuncs.com/codeup/Android/5.0/airecognition/vision-settlement-console.git,https://sovell-cn-shanghai.devops.aliyuncs.com/codeup/sovell/Android/5.0/airecognition/vision-settlement-console,False
4971924,sovell/Android/5.0/airecognition/vision-settlement-registration,https://sovell-cn-shanghai.devops.aliyuncs.com/codeup/Android/5.0/airecognition/vision-settlement-registration.git,https://sovell-cn-shanghai.devops.aliyuncs.com/codeup/sovell/Android/5.0/airecognition/vision-settlement-registration,False
4978514,sovell/idish3.0/web_plugins,https://sovell-cn-shanghai.devops.aliyuncs.com/codeup/idish3.0/web_plugins.git,https://sovell-cn-shanghai.devops.aliyuncs.com/codeup/sovell/idish3.0/web_plugins,False
4978515,sovell/idish3.0/web2016,https://sovell-cn-shanghai.devops.aliyuncs.com/codeup/idish3.0/web2016.git,https://sovell-cn-shanghai.devops.aliyuncs.com/codeup/sovell/idish3.0/web2016,False
4978236,sovell/Android/5.0/WebApp,https://sovell-cn-shanghai.devops.aliyuncs.com/codeup/Android/5.0/WebApp.git,https://sovell-cn-shanghai.devops.aliyuncs.com/codeup/sovell/Android/5.0/WebApp,False
4971863,sovell/Android/5.0/weight-production,https://sovell-cn-shanghai.devops.aliyuncs.com/codeup/Android/5.0/weight-production.git,https://sovell-cn-shanghai.devops.aliyuncs.com/codeup/sovell/Android/5.0/weight-production,False
4971852,sovell/Android/5.0/weightself,https://sovell-cn-shanghai.devops.aliyuncs.com/codeup/Android/5.0/weightself.git,https://sovell-cn-shanghai.devops.aliyuncs.com/codeup/sovell/Android/5.0/weightself,False
4971922,sovell/Android/5.0/tools-demo/weighttool,https://sovell-cn-shanghai.devops.aliyuncs.com/codeup/Android/5.0/tools-demo/weighttool.git,https://sovell-cn-shanghai.devops.aliyuncs.com/codeup/sovell/Android/5.0/tools-demo/weighttool,False
4975684,sovell/unified_welfare/welfare-go-devops,https://sovell-cn-shanghai.devops.aliyuncs.com/codeup/unified_welfare/welfare-go-devops.git,https://sovell-cn-shanghai.devops.aliyuncs.com/codeup/sovell/unified_welfare/welfare-go-devops,False
4972339,sovell/third_custom/wetown_electric,https://sovell-cn-shanghai.devops.aliyuncs.com/codeup/third_custom/wetown_electric.git,https://sovell-cn-shanghai.devops.aliyuncs.com/codeup/sovell/third_custom/wetown_electric,False
4972155,sovell/document/yiyakeji,https://sovell-cn-shanghai.devops.aliyuncs.com/codeup/document/yiyakeji.git,https://sovell-cn-shanghai.devops.aliyuncs.com/codeup/sovell/document/yiyakeji,False
4971938,sovell/Android/5.0/tools-demo/zheng_yuan_40_tool,https://sovell-cn-shanghai.devops.aliyuncs.com/codeup/Android/5.0/tools-demo/zheng_yuan_40_tool.git,https://sovell-cn-shanghai.devops.aliyuncs.com/codeup/sovell/Android/5.0/tools-demo/zheng_yuan_40_tool,False
4971935,sovell/Android/5.0/army/zhongyisystemintegration/zy_integrated-_action,https://sovell-cn-shanghai.devops.aliyuncs.com/codeup/Android/5.0/army/zhongyisystemintegration/zy_integrated-_action.git,https://sovell-cn-shanghai.devops.aliyuncs.com/codeup/sovell/Android/5.0/army/zhongyisystemintegration/zy_integrated-_action,False
4971921,sovell/Android/5.0/zhengyuantech_group_5.0/zy-integrated-produce-console,https://sovell-cn-shanghai.devops.aliyuncs.com/codeup/Android/5.0/zhengyuantech_group_5.0/zy-integrated-produce-console.git,https://sovell-cn-shanghai.devops.aliyuncs.com/codeup/sovell/Android/5.0/zhengyuantech_group_5.0/zy-integrated-produce-console,False
4971919,sovell/Android/5.0/zhengyuantech_group_5.0/zy-settlement-console-5.0,https://sovell-cn-shanghai.devops.aliyuncs.com/codeup/Android/5.0/zhengyuantech_group_5.0/zy-settlement-console-5.0.git,https://sovell-cn-shanghai.devops.aliyuncs.com/codeup/sovell/Android/5.0/zhengyuantech_group_5.0/zy-settlement-console-5.0,False
4971917,sovell/Android/5.0/zhengyuantech_group_5.0/zy-settlement-console-desk-5.0,https://sovell-cn-shanghai.devops.aliyuncs.com/codeup/Android/5.0/zhengyuantech_group_5.0/zy-settlement-console-desk-5.0.git,https://sovell-cn-shanghai.devops.aliyuncs.com/codeup/sovell/Android/5.0/zhengyuantech_group_5.0/zy-settlement-console-desk-5.0,False
4971931,sovell/Android/5.0/zhengyuantech_group_5.0/zy-tray-bind-5.0,https://sovell-cn-shanghai.devops.aliyuncs.com/codeup/Android/5.0/zhengyuantech_group_5.0/zy-tray-bind-5.0.git,https://sovell-cn-shanghai.devops.aliyuncs.com/codeup/sovell/Android/5.0/zhengyuantech_group_5.0/zy-tray-bind-5.0,False
4971916,sovell/Android/5.0/zhengyuantech_group_5.0/zy-tray-mini-weight-5.0,https://sovell-cn-shanghai.devops.aliyuncs.com/codeup/Android/5.0/zhengyuantech_group_5.0/zy-tray-mini-weight-5.0.git,https://sovell-cn-shanghai.devops.aliyuncs.com/codeup/sovell/Android/5.0/zhengyuantech_group_5.0/zy-tray-mini-weight-5.0,False
